feature,IG_importance,SHAP_importance,IG_rank,SHAP_rank
num_admissions_last_year,0.017270762,0.19636018995548485,9,1
los_hours,0.025843486,0.1082169998722199,1,2
num_admissions_last_90d,0.022784427,0.09920019904973565,2,3
hemoglobin_min,0.01750951,0.08896761018392568,7,4
num_medications,0.01606087,0.0877459194165521,13,5
num_abnormal_labs,0.01730277,0.08599880714632667,8,6
discharge_location,0.016819939,0.08164736960053297,11,7
num_diagnoses,0.018270165,0.06915021676635345,6,8
days_since_last_discharge,0.02174399,0.06261087010484405,4,9
antibiotic_flag,0.015882386,0.0584627351859492,15,10
age,0.018959729,0.050940926238833235,5,11
total_prior_admissions,0.010224373,0.04994558373146292,22,12
admission_type,0.014733736,0.04797644843019667,16,13
num_lab_tests_24h,0.00715642,0.041695637708709474,27,14
cci_cancer,0.011861549,0.03929608413080952,18,15
admission_location,0.010505632,0.035452908552905935,21,16
race,0.012026564,0.030780336514603508,17,17
anticoagulant_flag,0.011566976,0.029330429221423062,19,18
sodium_max,0.0057063885,0.0287935959678459,34,19
gender,0.015995588,0.027616260559884465,14,20
cci_diabetes,0.005384116,0.022242808534429153,37,21
glucose_max,0.0052974205,0.021331050869702807,38,22
insurance,0.0073892125,0.020512234198947994,25,23
wbc_max,0.0068889516,0.020358591046639604,28,24
creatinine_max,0.0054481453,0.019491950436577563,35,25
num_admissions_last_30d,0.016876467,0.018243130697044266,10,26
sodium_min,0.006617464,0.01687394555723134,30,27
los_days,0.022440482,0.015646758748855984,3,28
glucose_min,0.005998346,0.013432060863939038,32,29
cci_cvd,0.003762142,0.01271384085544073,44,30
marital_status,0.0062368275,0.012460696629180043,31,31
cci_ckd,0.006791781,0.009838781629956796,29,32
potassium_min,0.007334084,0.009834948609464987,26,33
language,0.0032153898,0.008661239223862851,45,34
cci_copd,0.004812899,0.00863335922471465,42,35
opioid_flag,0.009731449,0.008111870138939336,23,36
insulin_flag,0.007996533,0.007887349888959137,24,37
potassium_max,0.0058254283,0.007689507353421222,33,38
cci_chf,0.005208227,0.006981797168903407,41,39
cci_dementia,0.0052504856,0.0064617023855395314,40,40
cci_mi,0.005443782,0.005624010612547568,36,41
frequent_flyer_flag,0.011481837,0.004935271069917505,20,42
cci_pvd,0.0043399213,0.0037906323710306953,43,43
recent_admission_flag,0.016708666,0.003405517526350454,12,44
polypharmacy_flag,0.0052746967,0.0027954987357488425,39,45
