horizon,pair,K,measure,mean
60,TreeSHAP-KernelSHAP,5,feature,0.8572000000000001
60,TreeSHAP-KernelSHAP,5,rank,0.5885
60,TreeSHAP-KernelSHAP,5,sign,0.8572000000000001
60,TreeSHAP-KernelSHAP,5,rank_corr,0.7710456956023217
60,TreeSHAP-KernelSHAP,10,feature,0.7873000000000001
60,TreeSHAP-KernelSHAP,10,rank,0.38105
60,TreeSHAP-KernelSHAP,10,sign,0.7873000000000001
60,TreeSHAP-KernelSHAP,10,rank_corr,0.7317699289251982
60,TreeSHAP-KernelSHAP,15,feature,0.7046666666666667
60,TreeSHAP-KernelSHAP,15,rank,0.2656666666666667
60,TreeSHAP-KernelSHAP,15,sign,0.6172666666666666
60,TreeSHAP-KernelSHAP,15,rank_corr,0.7607969572649393
60,TreeSHAP-LIME,5,feature,0.46170000000000005
60,TreeSHAP-LIME,5,rank,0.15220000000000003
60,TreeSHAP-LIME,5,sign,0.4609
60,TreeSHAP-LIME,5,rank_corr,-0.1024004329004329
60,TreeSHAP-LIME,10,feature,0.5510499999999999
60,TreeSHAP-LIME,10,rank,0.10005000000000001
60,TreeSHAP-LIME,10,sign,0.54525
60,TreeSHAP-LIME,10,rank_corr,0.009599332839503122
60,TreeSHAP-LIME,15,feature,0.5981666666666665
60,TreeSHAP-LIME,15,rank,0.07826666666666666
60,TreeSHAP-LIME,15,sign,0.5852999999999999
60,TreeSHAP-LIME,15,rank_corr,0.10672541985683659
60,KernelSHAP-LIME,5,feature,0.4483000000000001
60,KernelSHAP-LIME,5,rank,0.15419999999999998
60,KernelSHAP-LIME,5,sign,0.44770000000000004
60,KernelSHAP-LIME,5,rank_corr,-0.10677626686538123
60,KernelSHAP-LIME,10,feature,0.49475
60,KernelSHAP-LIME,10,rank,0.09755000000000001
60,KernelSHAP-LIME,10,sign,0.48854999999999993
60,KernelSHAP-LIME,10,rank_corr,-0.023843853187610727
60,KernelSHAP-LIME,15,feature,0.5125
60,KernelSHAP-LIME,15,rank,0.07303333333333333
60,KernelSHAP-LIME,15,sign,0.43193333333333334
60,KernelSHAP-LIME,15,rank_corr,0.212657822620379
